y_true,y_pred
34.0,34.030224
0.15,0.08463045
34.07,34.519577
57.5,57.06169
32.04,31.905731
-14.21,-14.071319
78.5,78.07091
32.03,31.8416
28.7,28.786383
22.31,22.297096
24.7,24.473255
33.2,32.34767
17.3,18.095814
-2.5,-1.9863868
21.0,21.568348
79.7,79.411285
-2.0,-1.8607249
28.6,28.312256
4.6,4.4216533
-3.2,-2.8910758
-26.2,-26.332497
32.5,31.448322
33.0,33.015553
29.7,29.864746
9.3,9.7245
1.8,1.439687
-3.2,-3.9837809
34.7,34.760487
18.3,17.810144
33.6,33.88147
33.5,33.287582
26.89,27.018766
30.5,30.035357
30.94,30.749638
31.06,32.03764
-3.3,-2.5421555
30.8,30.727942
21.0,21.595703
33.5,33.144928
8.0,8.393283
62.6,62.106194
37.07,37.266125
22.44,24.147419
17.5,17.658155
82.4,82.327866
-14.0,-13.720033
27.4,27.4701
9.96,10.047438
30.44,29.689672
33.31,33.28635
42.0,41.845894
2.37,3.1005585
-13.55,-13.69399
28.0,27.78386
-1.0,0.42240882
33.2,32.40881
32.8,32.45306
4.29,3.8860533
18.9,19.209364
3.44,3.0055652
30.7,30.379047
-8.2,-8.570463
10.72,10.80584
41.2,41.455254
63.4,63.18338
34.3,34.43971
27.0,26.820187
24.0,24.377869
34.2,33.72026
31.05,31.294903
30.5,30.541994
33.6,34.129047
29.5,29.216276
33.9,33.37887
-40.7,-40.887173
34.2,34.291832
-6.0,-6.205671
37.27,37.246243
-14.9,-14.680303
30.9,30.62134
-2.0,-2.4067883
33.35,33.28833
-26.09,-24.596113
25.6,25.592388
32.3,32.495926
34.4,34.14707
36.2,35.49274
32.05,31.730858
28.72,28.997604
30.2,30.272894
-1.22,-1.2030058
9.05,9.250233
-3.7,-3.7286577
33.5,33.882664
-13.4,-13.172512
-16.56,-16.44562
22.4,22.308449
23.0,23.234442
6.3,5.864852
30.6,30.739271
48.1,47.86081
34.0,34.193317
-37.58,-37.717026
37.2,37.21254
-2.2,-2.3820727
33.3,33.466953
30.6,30.556616
9.87,9.788936
67.5,68.84969
0.2,0.49741986
-20.8,-20.14668
24.1,23.608532
80.0,79.62297
29.6,29.610516
33.2,33.459137
10.27,10.168033
-9.3,-9.580624
25.9,25.958223
33.4,33.495136
33.8,33.513546
50.0,49.97097
32.1,31.629374
30.6,30.717941
18.3,22.759624
31.09,30.805223
-2.3,-2.3803804
10.23,10.342625
-6.09,-5.25117
29.71,30.155914
33.1,32.949154
0.93,0.8344512
22.05,22.162447
30.64,30.853327
34.9,35.37934
-25.8,-25.565071
-15.3,-15.209321
80.3,80.37264
28.2,28.404608
-13.4,-13.488939
0.75,0.87993795
25.7,26.038658
51.0,50.660667
-5.1,-4.950051
11.08,10.96605
31.3,31.339603
-23.72,-23.535301
3.7,3.784886
24.5,24.722689
33.1,33.44846
-1.22,-1.3783449
-9.2,-9.840215
33.22,33.269783
34.3,35.235466
74.9,73.765045
73.6,73.82399
34.7,33.84542
-0.01,-0.08751572
2.39,2.2105157
38.22,38.197914
2.27,2.6754243
1.7,1.4463043
-5.03,-4.6509132
34.12,34.244553
-16.4,-16.960817
26.4,26.124619
12.58,12.599434
78.2,77.63062
8.6,8.374783
80.8,79.59129
32.5,32.390568
26.3,26.746355
38.1,38.342594
65.0,63.8327
5.5,5.45891
9.97,10.157085
70.6,70.322624
-13.4,-13.231499
0.8,0.73818713
63.2,62.671074
0.0,-0.43963376
32.52,32.642384
34.38,34.408733
32.4,31.741238
30.19,30.58199
26.13,26.347504
21.8,20.58875
26.3,26.896189
46.6,46.711803
-1.67,-1.9753708
-16.7,-16.618332
1.0,1.191108
33.1,33.35612
25.2,25.253494
3.28,3.4930332
30.0,31.077604
2.6,2.6091335
33.0,33.836617
31.12,31.474169
4.36,4.0338387
31.0,31.021936
24.9,24.611954
31.91,31.621698
45.0,45.07853
43.6,43.232834
33.8,33.567398
11.3,11.157817
36.8,36.44682
77.1,76.65833
30.9,31.061253
22.06,21.61595
19.0,18.882866
30.72,30.385494
28.7,29.129797
73.0,72.858734
71.7,71.97807
4.5,4.1762805
28.17,28.283752
29.37,29.221079
32.51,31.894321
38.68,38.45994
-38.51,-38.32102
32.4,32.411293
27.98,27.791515
30.21,30.02155
29.7,29.760157
31.35,31.20729
29.7,29.814268
26.2,26.230995
35.28,34.96816
64.8,65.54986
90.5,90.22397
10.07,10.400568
0.6,1.1198735
3.68,3.5292795
4.11,3.7166185
34.6,34.7909
37.84,37.647964
27.7,28.09945
32.9,33.7456
28.0,28.67359
31.9,32.196762
26.6,25.968271
1.8,2.1400032
34.3,33.901875
39.4,39.23934
16.6,16.431456
29.5,29.07033
26.67,26.682858
33.1,32.66516
4.3,5.0928955
32.9,33.598732
29.66,29.591297
-16.7,-16.470224
39.1,39.254345
-27.21,-26.323
37.0,36.770424
12.0,12.137313
13.0,12.892717
-6.44,-7.0444765
-14.6,-15.069433
33.2,33.092438
28.97,28.838501
30.2,30.217216
33.5,33.515903
31.78,31.957703
33.8,33.653553
19.1,25.591372
33.0,32.839928
24.5,24.657162
25.9,25.76382
5.7,5.5373225
28.2,28.46105
-0.51,-0.111367404
-32.1,-32.72243
34.1,33.763885
30.0,29.775951
46.3,46.78889
9.0,8.585309
16.41,12.013225
26.6,26.476753
32.0,32.166813
81.3,80.14053
-1.82,-1.9603242
22.09,22.321674
32.0,31.90476
1.9,1.9494927
3.04,2.9575992
5.6,5.8140965
-13.3,-12.882659
27.0,27.136253
37.6,37.36349
8.4,8.343633
31.49,31.436874
-2.5,-2.2216835
61.7,61.553795
21.6,22.129744
28.85,28.935953
-35.1,-35.24734
2.38,2.693679
36.2,35.872616
22.7,23.3771
29.1,29.460075
36.8,37.872032
-13.6,-13.698176
32.58,32.760593
33.89,34.19509
37.9,37.96133
-13.5,-13.405547
41.2,40.771664
33.3,33.33263
3.4,3.7232375
29.3,29.574797
33.59,33.814125
3.24,3.082263
27.06,27.210892
23.4,22.866474
34.57,35.473705
25.6,25.69309
33.1,32.987385
-1.0,-0.9147924
44.8,44.09689
60.0,59.579063
4.53,4.5456004
17.2,17.275793
-6.3,-6.5185566
3.85,3.8964329
19.0,18.116335
30.84,30.218655
37.8,37.615276
-4.09,-3.4492705
34.6,34.289967
-1.19,-1.3503857
-11.8,-11.938976
30.2,30.274305
4.75,4.508302
25.3,25.594114
31.0,31.137789
37.9,38.031166
37.1,37.152206
-2.3,-2.3648343
26.8,27.140585
10.33,10.546484
16.0,16.126242
-4.9,-4.103546
29.38,28.870316
-10.8,-10.498814
30.5,30.507778
86.3,86.32106
9.2,9.622318
30.6,30.729443
30.32,30.623682
12.59,12.618789
31.0,31.06236
24.1,24.197536
33.5,33.665363
25.1,24.652039
24.1,23.930162
34.7,34.500797
26.15,26.1741
29.8,30.072546
5.15,5.1525884
-20.26,-20.803175
54.3,54.01013
33.77,34.026634
19.0,18.574484
31.36,31.147219
19.3,19.164251
23.5,23.328989
27.0,26.943512
-1.04,-0.6528674
11.1,11.179553
31.99,31.293287
30.1,30.009563
30.73,30.792818
72.0,72.49618
30.4,30.658941
33.5,33.63813
-6.9,-6.8299484
32.1,32.65382
-35.6,-35.658638
-2.8,-2.1642423
-3.75,-0.23357765
27.37,27.958923
31.0,30.343384
25.6,26.751629
-0.4,-0.16990179
12.86,13.241253
33.6,34.72176
31.15,31.31043
81.1,80.9119
13.3,12.637751
22.4,26.517626
3.75,3.658161
15.9,17.492918
-4.5,-4.445876
-9.1,-8.396525
24.0,24.13649
27.21,27.08595
27.2,26.724926
24.1,23.738932
31.34,31.139477
42.0,41.98433
53.8,53.17012
32.4,32.716335
14.2,13.514888
-5.66,-4.2844253
24.01,23.74233
85.6,85.431465
-8.43,-8.248046
-36.2,-36.233753
34.21,33.511723
39.75,39.113567
-26.1,-26.651354
12.88,12.592329
22.2,22.1294
26.75,26.527868
33.63,33.49278
25.2,25.686357
32.1,31.595701
-9.0,-9.549409
3.51,2.941412
-18.32,-17.994455
45.0,44.910038
-13.3,-13.166312
-3.5,-3.4242048
5.9,6.4068427
46.2,45.79591
10.16,9.899562
35.3,34.80034
30.3,30.004002
33.3,33.63631
33.9,34.21934
-5.8,-6.0506225
1.0,1.2772292
31.7,30.61761
28.5,28.641504
34.08,34.050667
34.1,34.570965
30.9,30.761019
39.0,38.69372
25.6,25.640493
45.1,44.336784
29.23,29.78479
19.2,19.462755
-4.0,-3.5414476
55.7,55.343597
34.07,32.4343
27.7,27.497498
34.85,34.36472
31.1,31.230314
31.3,31.379553
28.8,28.935852
32.0,31.68509
-12.4,-12.582256
38.0,38.03885
27.08,27.336971
30.43,30.342194
82.9,82.68237
21.8,22.053308
30.77,30.426867
11.8,11.650911
-26.05,-26.562191
84.1,82.870995
34.03,33.753017
-2.47,-2.6644547
29.9,29.779741
-19.1,-18.834192
31.17,31.50329
28.3,28.171175
-44.94,-45.22955
35.6,34.846207
33.82,33.86635
-1.5,-1.2477771
27.5,27.398516
58.3,58.097626
-1.44,-1.2966176
-0.94,-0.78439
34.3,34.09875
33.2,33.140877
9.31,9.135628
7.7,7.119791
33.6,33.187263
-9.4,-9.225208
54.0,55.47388
30.75,31.08351
9.91,10.035772
29.17,29.130789
-11.5,-12.303432
81.2,81.18547
-1.19,-1.1361588
33.0,32.44279
59.2,58.724827
33.4,33.358913
0.65,0.4249529
31.73,31.46129
33.8,33.297832
-16.2,-16.435371
31.4,31.338923
25.6,25.860054
21.84,21.966408
45.9,45.769146
29.99,29.993353
-16.7,-16.921429
33.8,33.994167
33.53,33.272144
27.6,27.487724
25.2,25.302773
-31.4,-31.764795
31.0,30.941334
31.69,31.495924
31.12,30.920145
32.5,32.49432
4.0,4.5096927
3.78,4.010836
34.2,34.443954
30.8,30.769869
29.69,29.66293
0.62,0.96215576
7.5,7.269575
-36.13,-35.86616
38.38,38.2446
39.42,39.24791
30.7,30.962404
-10.1,-9.393766
33.7,34.007137
31.9,31.8777
27.2,27.938438
25.8,25.917461
37.4,38.241047
0.79,0.3694307
34.08,33.92121
13.2,13.178377
33.4,32.80903
29.8,30.570019
31.1,29.784597
22.1,22.095627
2.0,1.6074101
9.53,9.26628
31.9,31.687195
43.9,42.73768
36.3,36.328545
30.6,30.478678
64.3,64.562965
55.6,54.994873
33.1,32.744217
34.46,34.005356
31.43,31.661898
17.8,17.714428
30.3,30.40797
-27.0,-26.842213
52.3,45.258133
-22.7,-22.624691
30.9,30.78078
33.6,33.061966
10.2,10.380805
-12.4,-12.284461
3.6,3.2663915
29.17,29.47121
7.52,6.9112887
-3.0,-2.8863451
10.0,8.769995
33.78,34.514954
29.0,28.835604
40.0,40.149548
13.6,13.500936
28.6,28.987131
73.2,73.32023
33.1,32.838425
-9.7,-9.146544
-26.75,-26.732828
29.6,29.668257
29.5,29.520433
30.0,29.791145
-18.4,-18.431633
34.88,34.881657
33.79,33.890785
34.0,33.531193
-6.2,-5.8792586
33.9,33.793182
6.9,6.9798055
32.91,32.972523
83.8,83.77938
33.0,33.14664
24.5,24.886356
82.1,81.93349
35.5,35.257774
30.14,30.425894
32.3,32.425037
22.4,22.192194
37.5,37.223457
32.5,32.339905
3.6,3.2987657
31.31,30.758297
28.2,28.171804
23.9,23.187862
2.96,3.1724994
25.5,25.253065
4.03,3.932704
46.5,46.616085
-41.86,-41.876408
9.97,9.980794
29.98,29.904749
30.7,30.72948
32.5,32.09525
12.3,12.245835
26.7,27.543854
29.23,29.33887
30.6,30.317585
39.6,39.29552
7.6,7.191262
-0.04,-0.34952322
33.6,33.56389
-39.29,-39.372307
32.7,32.90995
9.7,8.720354
34.2,33.77114
-9.24,-9.54125
-0.43,-0.60925597
-36.8,-36.972168
-13.6,-13.501484
31.9,32.06938
40.0,40.02975
-7.8,-8.030114
34.21,34.46978
11.7,11.667253
29.0,29.26101
-3.57,-3.4657576
-5.6,-5.5226474
27.1,26.701519
31.95,32.41338
4.62,4.2335157
15.3,14.695291
19.0,20.41751
33.23,32.98419
31.0,30.998888
5.42,5.047403
32.5,33.210575
60.5,60.456184
27.0,26.87326
-7.9,-7.739419
33.1,33.341774
32.69,32.124466
-20.5,-20.547058
10.18,10.395496
30.56,30.987371
2.0,2.4765584
-35.3,-35.11564
4.08,4.1815166
27.4,27.77783
23.3,23.63879
33.3,33.427906
-7.0,-6.9472775
36.5,36.41925
28.0,28.468864
27.4,27.63072
30.34,30.5198
38.69,37.871502
31.35,31.05085
33.9,34.11944
40.7,40.876263
46.0,45.11746
49.0,49.472218
-24.2,-24.294914
36.8,36.39673
23.8,23.471977
30.64,30.60728
30.25,30.46711
-4.7,-4.3581495
30.1,29.966595
33.1,33.361855
34.6,34.358856
-9.46,-9.313758
-6.9,-6.700776
25.6,25.782032
-41.0,-40.9523
24.3,24.166136
29.18,29.213928
29.01,28.810326
26.3,26.241806
0.03,1.7440457
-26.15,-25.861843
31.79,31.752823
29.45,30.037037
40.8,40.921608
34.6,34.819927
33.1,32.819824
3.5,4.04526
29.6,30.310478
31.3,31.052826
22.3,21.894583
29.0,28.861773
73.0,72.51507
30.0,29.972368
26.4,26.096151
27.91,27.839962
88.2,87.004036
22.32,22.029932
-26.79,-26.681095
-13.13,-13.216317
36.0,36.460655
29.2,29.483915
28.0,27.564325
82.5,82.3749
30.0,30.395395
-7.7,-7.2442427
3.7,4.176076
30.5,30.53364
32.7,33.386116
30.11,30.159826
37.03,36.306732
12.59,12.618789
30.3,30.143003
44.2,44.465034
-5.4,-5.059977
34.4,33.842278
36.85,36.93073
30.15,30.28595
4.5,4.65578
26.1,26.007782
23.76,23.615007
30.6,29.682852
-14.3,-12.757473
31.6,30.972878
-6.56,-6.079249
-0.07,0.051658805
30.23,30.587912
39.8,39.18045
26.2,26.63757
-6.1,-6.0318513
33.6,34.04681
33.2,33.23061
28.4,27.928144
3.58,3.5414176
32.48,32.76926
-20.0,-19.726927
72.2,71.964325
12.68,12.969316
-2.48,-2.547002
70.0,69.99462
3.93,3.7267468
10.16,10.337951
-16.84,-16.816223
30.03,30.028515
72.6,72.522675
28.36,28.290356
33.1,33.59771
31.52,31.501339
72.0,71.55445
29.33,29.368767
30.1,29.904823
30.0,29.975447
34.97,34.248775
-6.3,-6.4483786
30.7,32.26315
34.1,33.851883
35.4,35.14782
58.0,57.59196
32.47,32.973907
31.1,31.377115
38.2,38.379234
-5.0,-4.612937
54.4,54.648727
0.7,0.33713946
55.0,55.615505
-13.4,-13.118742
12.3,12.389013
1.8,1.838139
26.77,26.395428
30.95,30.77331
33.63,33.364807
17.2,17.282368
30.8,31.658306
-36.2,-36.33201
28.5,28.844063
31.1,30.918785
28.6,28.80385
3.51,2.6821423
31.3,30.16356
24.1,24.615196
7.0,6.7316656
35.5,36.60853
7.9,8.762172
-16.88,-16.68978
33.6,33.149532
2.3,2.14731
36.2,35.39063
28.02,28.495495
-3.4,-3.553999
9.7,8.857009
43.1,43.168987
11.18,11.221273
-31.2,-31.155504
33.3,33.205284
35.5,35.071983
28.8,28.652369
32.02,32.1166
33.2,32.879482
30.6,30.281874
30.36,30.521252
10.2,10.275763
11.1,11.288806
10.1,10.302282
32.4,33.012318
28.3,27.575281
29.19,29.812449
27.9,26.193655
22.3,22.15428
-20.9,-20.980522
29.6,29.688065
22.4,22.480589
34.1,34.123745
32.25,32.041843
35.5,36.012505
33.0,32.974064
3.42,2.9410832
59.2,59.411034
2.02,1.6074615
30.91,30.339886
25.2,25.986452
32.9,33.25394
30.7,30.097212
21.6,21.75294
12.84,12.654797
39.2,39.52316
34.4,34.31314
53.2,53.59424
6.0,5.999407
-24.6,-24.483227
7.7,7.469841
33.33,33.723953
-3.3,-3.173065
-15.3,-15.350848
30.14,30.379742
-7.2,-6.7420444
33.3,33.15199
53.3,53.09436
23.8,23.544392
32.8,33.023647
31.3,31.423061
-3.0,-3.6001399
33.9,34.455513
-8.46,-8.730605
11.7,11.682349
34.6,34.575443
3.07,3.2239335
30.1,30.18757
-3.6,-3.821654
25.8,25.540182
3.8,3.8504233
62.1,62.10986
8.54,8.67194
37.5,37.378025
32.63,33.03913
33.1,33.294704
70.8,72.44503
31.19,31.434828
34.58,34.511986
41.7,41.893074
33.4,34.33423
25.3,24.892784
29.12,28.681845
14.3,14.700879
-9.4,-9.20543
29.76,28.784369
-1.63,-1.6610242
30.23,30.570648
30.0,30.751774
-14.6,-13.8575
30.43,30.432049
-6.1,-6.7654824
-25.5,-24.032461
28.76,29.077358
31.61,31.502481
33.1,33.198925
-3.69,-3.687787
55.2,53.744938
30.88,30.759441
31.0,31.089153
-25.98,-26.082535
5.09,5.289416
30.2,30.28482
36.92,37.402775
31.0,31.090326
35.3,35.01089
32.3,30.992613
10.2,9.731881
2.6,2.5706944
22.27,22.292353
29.1,28.992006
-10.9,-10.706917
28.0,27.77001
3.31,3.2318823
23.9,23.65702
38.8,38.44568
33.91,34.736233
47.1,47.063824
49.0,49.13703
9.78,9.9466305
-21.8,-21.688725
30.65,30.926098
25.1,25.30612
28.2,27.651829
6.6,7.003082
-39.0,-39.17009
2.59,2.9498484
36.03,35.016907
33.0,32.945057
31.0,31.226027
33.2,33.311317
23.9,24.15465
22.2,22.25839
-0.72,-0.33996576
32.7,33.075867
36.9,36.472233
37.0,35.339764
30.8,30.469896
33.3,33.336094
-4.2,-4.2472053
32.5,31.602232
29.9,29.537346
15.8,16.15482
31.7,32.144135
27.76,27.180706
81.1,80.8839
-26.16,-25.99522
31.02,30.98059
-8.8,-8.358849
30.4,30.487373
12.3,12.096387
0.12,0.27122438
39.0,38.819954
24.1,24.703863
29.21,29.473228
26.06,25.940449
29.88,28.696304
32.27,32.309933
64.8,64.77085
29.7,30.04034
26.3,26.386003
34.6,34.273357
30.7,30.054842
-36.2,-35.69808
32.1,31.7508
33.1,32.93439
5.0,6.751653
-12.59,-12.395568
31.1,30.291111
27.5,27.286331
-19.1,-18.629137
30.7,30.536768
-6.0,-5.9803205
22.5,22.482248
32.8,32.817974
9.38,9.120499
35.5,35.268818
-39.59,-39.49925
-16.5,-16.330124
3.75,3.7498748
40.3,40.38957
25.6,25.404743
29.9,29.724476
57.3,55.76868
0.5,0.85223585
29.66,29.96143
-1.53,-1.5402625
32.6,32.919556
29.4,29.778194
33.02,33.065968
40.2,39.978695
2.85,2.762485
-0.6,-0.1951417
52.8,52.725082
21.8,23.005308
33.4,32.993435
-4.3,-3.6867952
-19.7,-19.906033
-4.66,-4.31106
40.5,40.495773
30.9,30.57333
18.0,18.45718
-7.4,-7.433055
33.36,33.437725
31.86,31.995794
88.0,87.85435
32.5,32.920353
-6.3,-6.2890344
36.32,35.876373
5.66,6.265784
21.9,22.364616
25.2,24.824162
30.5,30.434032
29.87,30.27787
7.4,6.888334
34.11,33.982
33.7,33.813545
33.6,32.987114
9.61,9.573508
30.4,30.59174
26.7,26.526207
30.8,31.130634
2.8,2.5754693
-22.9,-21.50158
10.9,11.091594
41.9,42.418865
1.3,1.1857052
22.14,22.173014
32.03,31.84215
31.1,30.677038
-26.4,-26.115866
13.9,14.062468
34.3,34.56238
4.25,4.363928
24.6,24.261894
32.2,31.91816
-8.0,-7.5698133
61.4,60.96984
10.45,10.620568
31.3,31.050756
45.7,46.142017
31.8,31.228424
-0.24,-0.36321828
21.6,22.693815
29.8,28.522478
5.5,7.5662313
25.3,25.232285
22.8,22.741055
-5.2,-4.3438573
29.1,28.210789
2.0,2.9654062
30.09,30.109783
32.2,32.20374
29.03,28.856771
-43.36,-44.633244
20.66,20.825756
32.5,33.046886
-6.1,-5.98067
27.3,26.890823
71.5,73.115234
24.6,25.866787
9.92,10.02438
31.0,31.106842
34.1,33.85706
25.0,24.988886
23.85,23.977863
18.6,18.749153
31.82,31.469734
32.0,32.56372
34.3,33.977364
76.0,75.7079
30.1,30.385801
9.68,9.813102
16.8,16.780867
24.5,24.44724
55.4,55.13017
33.1,33.109306
33.1,32.367393
25.6,25.231276
31.31,30.998283
33.7,33.556232
31.15,30.973898
-4.5,-4.6769714
32.6,32.408974
-13.5,-13.743
30.66,30.817764
29.06,29.077364
25.7,25.625856
26.31,26.206648
33.2,33.77193
22.15,22.221775
30.46,30.468428
37.8,37.981503
4.14,4.0653367
4.63,4.209986
-3.7,-3.2909658
32.29,32.748646
32.1,31.9953
31.6,31.4815
29.9,29.779047
-28.3,-28.09469
30.1,30.15021
30.42,30.3051
34.3,34.38953
31.2,31.382704
27.79,27.921183
12.2,12.680436
33.79,33.49063
32.0,31.695255
32.0,31.222767
87.0,86.19798
29.2,29.320057
29.41,30.265171
33.8,33.606064
28.2,28.705706
35.3,35.0687
33.4,33.147102
25.9,26.527954
-13.4,-13.208047
10.49,10.732617
21.1,22.815132
-12.5,-12.638997
31.52,31.326488
23.7,23.920893
26.79,27.27866
31.8,31.706312
22.4,22.666338
1.9,2.779122
-12.4,-12.404281
30.8,30.892927
24.64,25.383251
-3.2,-1.8445567
33.1,33.175953
32.49,32.357395
30.12,30.441755
29.2,29.252306
24.5,24.34202
36.32,35.881836
-4.15,-4.384583
29.3,29.294815
-8.5,-9.19008
61.0,61.02394
20.7,20.645466
-5.9,-7.6258597
80.6,80.98334
10.41,10.191588
25.7,25.970425
30.0,29.897217
-18.6,-17.726576
33.3,33.470715
31.5,31.068718
36.61,37.276993
10.51,10.674836
-6.0,-5.983816
39.75,39.254704
30.4,31.377625
76.2,75.31955
4.0,3.9768567
-18.4,-18.240938
3.15,2.925236
-18.1,-17.816711
29.5,29.569216
24.7,24.278309
30.8,30.916801
-8.39,-8.344132
9.21,9.195575
7.7,7.649885
31.2,30.7461
20.8,21.09983
37.08,37.62605
8.2,8.132698
67.52,66.300095
11.3,10.946982
32.22,31.999178
32.4,32.89408
77.5,76.77166
25.2,24.817064
30.3,30.26816
-17.6,-17.237814
36.14,35.69226
56.8,56.469612
-25.86,-26.562824
26.2,26.20364
32.35,32.26342
17.7,17.687317
-3.9,-4.1526003
29.68,30.340979
12.0,12.1422
26.0,26.537212
9.71,10.08404
33.1,33.21251
19.6,19.788424
28.35,29.105738
62.3,62.248165
72.0,72.079384
-5.8,-5.8614855
24.5,24.72974
47.1,46.91059
-5.1,-5.0095778
32.1,32.42449
-1.8,-2.0322955
26.0,26.11002
30.2,29.010057
40.8,40.331154
78.3,78.07935
33.6,33.359196
28.5,28.929005
35.17,34.321945
29.17,28.437912
-8.08,-8.0971985
9.72,9.551889
3.0,2.9095652
-6.0,-6.263117
30.3,29.860449
22.09,22.060122
-42.0,-41.68863
-3.4,-4.509642
31.93,31.772366
31.34,31.794855
29.46,29.26113
-1.18,-1.2052993
83.8,83.70549
31.0,30.497381
30.8,30.973597
3.59,3.3018901
3.28,3.3568468
33.0,33.45684
36.1,35.233307
30.5,30.511696
32.28,32.060337
12.9,13.361191
-43.1,-43.069813
29.7,29.755121
-6.1,-6.170762
0.57,0.10663152
32.9,32.983253
-0.65,-1.2550586
34.31,34.268715
10.07,10.235466
17.0,17.43729
24.4,23.849365
-16.5,-14.999543
40.9,41.209732
3.82,3.9494174
13.9,14.062468
29.74,30.327164
26.4,26.955011
-26.18,-27.03992
12.0,11.320731
48.6,48.647636
69.0,69.20369
38.53,38.449345
30.2,30.585773
46.1,45.350708
-12.6,-12.764497
-4.1,-3.6966136
9.46,9.616028
-34.2,-32.51572
-8.7,-9.370849
16.0,16.601727
54.5,54.505344
24.6,24.49919
21.9,22.039686
72.3,72.158104
-25.14,-24.881128
30.0,29.574434
10.69,10.573065
7.3,7.5432644
19.0,19.17615
4.8,4.299445
29.2,28.84395
30.9,30.732853
31.22,31.180681
0.8,0.61396766
-42.62,-42.17193
29.5,29.574797
-3.7,-3.694481
38.0,37.37271
28.2,30.437489
33.5,33.504414
38.1,37.570187
29.0,28.907587
-0.24,-0.6997032
26.0,25.979012
2.51,2.6047027
-13.69,-13.614185
32.0,31.519375
26.0,25.757969
30.2,31.106043
25.7,25.629211
40.53,40.348953
25.4,26.113451
67.3,66.59763
2.7,2.4278817
33.1,32.599247
26.0,26.052418
12.0,11.923534
40.5,40.57498
3.86,3.8273795
28.27,28.978535
26.3,26.669725
9.84,10.053752
40.7,40.303722
-26.68,-26.511948
29.64,29.43226
29.37,30.048876
30.0,30.579119
8.1,8.117449
14.4,14.190472
34.7,34.77686
39.93,39.78057
32.58,32.60497
33.2,33.76793
-9.17,-8.785505
33.3,33.38367
31.12,30.387705
34.3,34.274647
30.84,30.734056
-34.7,-34.55237
10.46,10.414882
32.43,32.38338
31.0,31.092495
21.9,22.022535
14.3,14.288129
-7.4,-7.5938735
32.9,32.987747
24.3,24.477184
30.5,29.823912
32.9,33.151134
-37.5,-37.067356
33.7,33.388523
-39.7,-39.86212
0.06,0.70700526
33.6,33.624847
33.1,33.33913
0.45,0.55983055
32.27,32.070652
34.58,34.19755
29.9,29.793331
32.9,32.291084
10.3,10.132713
28.9,28.740555
35.0,34.895298
-21.5,-21.336468
-0.7,-0.56906885
36.3,35.91157
-1.22,-1.3988298
-39.06,-39.049187
12.57,12.562538
-16.28,-16.15639
-3.8,-3.6888006
33.62,33.576214
-1.22,-1.6531414
-8.92,-9.082952
30.1,30.608164
32.05,32.06622
-24.82,-24.412518
41.8,41.384037
29.9,30.371601
27.8,28.131413
33.0,32.85963
4.06,4.1081223
11.18,10.744532
32.4,32.158424
22.37,22.254564
33.7,33.590233
-2.3,-2.1989942
30.7,30.570534
-3.2,-3.6185822
0.17,0.53674173
5.38,5.4129953
47.0,47.229385
10.8,9.965067
11.9,11.767561
31.1,31.050068
17.1,17.121164
25.8,25.902723
-9.6,-9.444307
-7.0,-6.951848
31.8,32.040558
44.0,44.057304
-34.1,-33.79236
-10.21,-10.848742
38.6,39.38541
33.26,32.070812
37.9,37.97545
23.0,22.77239
30.56,30.670422
8.7,8.693816
36.7,36.590176
41.0,42.41173
5.8,5.6840377
-7.6,-7.4808035
3.57,3.7922103
16.6,17.077929
29.1,29.154146
33.7,33.71486
-9.2,-8.810805
33.4,33.54314
77.3,77.80837
-3.2,-3.271398
76.6,76.91687
31.35,31.26324
10.53,10.2808
-40.7,-40.619366
33.4,33.600903
-12.5,-12.625346
34.9,34.804768
74.5,73.384026
34.1,34.14483
33.0,33.20024
29.28,28.971727
31.4,31.390778
28.6,29.39612
30.82,30.512306
30.7,30.799044
-33.8,-34.499958
44.0,43.19557
10.25,10.301865
25.2,24.966627
-35.2,-35.104523
28.8,28.953089
7.4,7.7571115
4.2,4.387417
24.6,24.799603
26.1,26.223139
38.2,37.632153
40.9,40.86261
33.5,33.59455
25.0,24.453672
28.5,28.355217
90.0,89.83482
34.0,34.114967
28.7,28.638563
-13.0,-13.215732
-33.7,-33.629364
32.04,31.385015
30.2,30.041988
32.37,31.815687
31.26,31.849005
27.51,27.924206
32.64,32.576077
30.01,29.5094
89.0,88.39547
22.14,22.088228
35.0,35.58623
29.4,29.374968
26.2,26.366907
-25.96,-26.293978
30.68,31.24668
45.7,45.582928
-4.1,-3.8575652
10.08,10.028361
3.5,3.513776
24.0,24.74226
23.6,23.73562
30.3,31.427746
51.6,52.269295
23.8,23.951262
32.37,32.270206
32.5,32.252087
34.2,33.827877
4.76,4.4141784
7.7,7.727732
64.3,64.71692
68.0,68.086365
54.0,53.980415
-6.3,-6.0739484
34.08,34.326565
-22.6,-23.037287
33.8,33.81228
29.5,29.012527
38.35,38.315
4.62,4.6384664
29.5,29.105572
36.7,36.906384
54.8,54.64163
30.9,31.253258
0.31,0.21795158
34.0,33.741116
37.9,37.689224
26.63,26.515656
30.9,30.888792
-22.0,-22.099836
22.5,24.635067
10.0,9.889375
26.74,26.444822
54.2,54.098183
37.5,38.18934
-24.7,-24.437508
30.5,31.447382
27.8,27.804264
31.0,31.113667
31.4,31.86765
-1.42,-1.1608151
48.3,48.407753
25.1,25.069132
1.0,1.0453539
-9.1,-8.811404
3.0,2.9906826
-6.29,-6.4712954
4.03,4.378991
33.3,33.536625
68.7,68.430824
30.9,30.321175
29.35,29.612003
12.92,12.6967745
4.3,4.242736
82.5,83.4446
0.46,0.6577074
86.3,86.404686
31.9,32.13008
26.67,26.756924
58.6,58.259747
32.1,32.14948
30.19,30.629759
32.3,32.429947
29.95,30.323435
-4.49,-4.6135774
33.0,32.30765
30.36,30.476355
33.9,34.237114
41.4,41.426666
33.2,32.42963
32.0,31.36257
22.32,22.55654
47.0,47.23423
27.95,28.112656
26.0,25.220572
28.2,28.29841
31.03,31.030014
2.88,3.4958613
34.13,33.96973
31.39,31.23243
35.9,35.261692
38.0,37.884068
40.5,40.490814
47.0,46.789146
73.6,74.17948
34.0,34.46703
10.16,10.011993
29.3,29.698296
-13.9,-13.810613
26.76,27.034945
29.98,30.429876
30.9,30.925688
36.6,37.094025
70.8,71.05411
35.0,34.99784
32.76,32.05926
43.5,43.05954
30.8,30.923965
58.9,58.642826
-2.27,-2.123951
33.8,33.446304
31.77,31.777802
-32.5,-32.163387
30.19,30.90684
33.7,33.51634
27.8,28.653034
15.5,15.454099
25.2,25.338526
33.1,33.09592
27.5,27.322626
48.0,47.949398
-23.9,-24.040714
31.08,30.280758
17.6,17.228983
32.8,33.20505
12.59,12.739801
36.5,36.030663
27.16,27.474117
33.7,33.505985
32.1,31.490133
27.05,26.90603
38.7,38.520397
29.0,29.708982
26.4,26.064724
9.97,9.907466
-25.93,-26.082006
22.3,22.038713
12.5,12.072484
33.9,33.025814
25.5,25.547867
30.05,30.005264
-6.4,-6.3451586
9.8,10.134958
-0.5,-0.9144575
25.6,25.757887
-5.1,-5.787906
27.9,28.21044
0.0,-0.27954033
-2.8,-3.1110134
22.0,22.860228
26.9,27.761797
-1.32,-1.6717732
29.8,30.038445
15.7,16.11643
27.3,27.370392
33.45,33.448586
34.0,34.05292
33.3,33.288715
27.5,27.321814
27.6,27.450712
3.24,2.949635
35.84,36.1018
33.4,32.964577
16.3,16.628204
32.35,32.274662
13.0,12.695943
31.8,32.01055
-5.0,-5.823762
30.6,30.315737
26.88,26.909763
10.16,9.911094
4.45,4.2520156
90.0,89.4439
33.3,33.314342
-10.9,-11.560512
32.6,32.534237
-26.7,-26.254118
33.16,32.798466
9.69,9.583399
30.28,29.70614
26.0,25.695415
6.5,6.4952526
40.1,40.46072
79.5,79.11709
18.2,18.375738
33.6,33.826748
10.34,10.462932
32.2,32.24908
31.9,32.46415
33.2,33.04216
0.91,0.4643308
2.6,2.6095462
-12.6,-12.562303
4.06,3.8333638
34.6,34.369114
30.1,29.79032
44.1,44.14198
34.1,33.858482
-14.1,-13.2084
33.34,33.47183
48.0,47.868057
33.2,33.11864
32.2,31.571005
32.87,32.94497
3.01,2.5484548
28.81,28.878338
31.7,31.641739
5.52,6.4581313
2.4,2.6306257
-1.32,-1.201021
-8.3,-8.37789
32.03,31.52255
4.37,4.60032
29.0,28.885902
80.6,80.40179
9.0,8.700374
41.2,40.65936
14.7,14.998175
-36.6,-36.71333
1.65,1.2661791
33.6,33.65306
0.34,1.896157
-1.6,-1.5753891
69.6,69.63231
36.5,35.534534
-7.0,-6.214789
12.66,12.602769
10.36,10.531393
32.36,31.661022
11.33,11.479123
33.6,33.848858
-1.76,-1.1240869
27.3,27.088406
34.57,34.31812
11.5,11.646194
33.14,33.31754
-26.2,-26.403645
-8.25,-8.260795
33.5,33.63085
3.84,3.9854991
11.7,12.242777
2.3,2.144909
34.0,33.531536
-4.1,-3.8499322
17.2,16.68208
4.04,4.495244
32.62,32.155552
37.2,37.22712
-37.4,-37.068745
31.37,31.569588
-11.8,-12.06497
30.74,30.861025
-12.0,-11.790413
26.1,26.231787
9.82,9.7114
4.57,4.499458
-8.51,-8.111764
10.3,10.493118
28.2,28.3996
28.98,29.126322
-0.59,-0.9692611
11.5,11.486875
9.27,8.102648
32.1,32.339603
27.1,27.21833
34.5,34.266483
2.0,2.1222436
33.5,33.348053
33.1,33.03236
38.64,37.78478
34.0,33.8165
12.3,12.105689
37.5,37.52287
30.1,30.307596
-4.3,-4.6353073
-4.8,-4.3966947
10.39,10.463033
3.97,3.072947
25.9,26.044775
28.8,29.512825
32.9,33.349834
51.09,50.99688
31.95,31.579689
50.2,50.54951
31.23,30.580044
41.7,40.963413
33.8,33.903934
10.2,9.841406
29.2,29.307226
10.25,10.420833
34.5,34.593475
29.3,28.950329
29.7,29.696629
32.38,32.206093
-12.6,-12.465356
71.0,71.75341
7.8,8.2252655
34.13,34.169907
33.18,32.610435
64.8,65.08699
25.5,25.711632
72.8,72.84112
30.4,30.730942
29.41,29.14342
10.47,10.496049
26.0,26.06243
25.2,25.050392
-12.4,-12.436864
22.3,22.769688
31.2,31.120113
17.2,17.373215
21.82,22.245186
-4.5,-4.7843614
31.95,31.945919
29.7,29.310057
-1.34,-1.2506653
30.35,30.18698
-0.7,-0.860867
-20.3,-20.34524
-3.6,-3.6670873
74.7,74.28843
85.7,85.56208
15.5,16.269442
7.9,7.879205
10.4,10.478978
21.34,22.087442
28.0,28.02361
34.5,34.06003
10.0,9.917906
25.9,25.701782
-6.9,-7.03705
-15.98,-15.890398
26.75,26.914822
32.6,32.758736
33.24,32.85922
-27.98,-28.217854
23.8,23.79123
29.8,30.120523
40.8,41.26518
-10.2,-10.619132
-1.19,-1.1539599
86.0,86.29998
12.54,12.905786
25.9,25.45783
33.5,33.610615
29.0,29.263144
-10.01,-9.27003
-4.61,-3.8276398
33.7,33.63248
18.9,19.07928
29.2,29.005413
33.0,32.897457
27.17,27.174738
28.2,28.369076
-2.5,-2.6753795
35.0,34.89926
11.21,11.2318
34.4,34.302914
-0.66,-0.906456
31.4,31.635109
28.64,27.05169
-1.2,-1.0525086
10.39,10.539511
35.0,34.815163
29.13,28.86982
30.6,30.866905
32.03,32.214214
12.33,13.170525
29.6,28.248148
32.7,32.924942
42.4,42.08719
25.2,26.096891
-5.0,-4.9240813
10.12,10.007476
36.2,36.061302
12.98,12.730626
32.2,32.264782
66.4,65.89489
26.6,26.620079
29.67,29.925385
32.2,32.26448
0.2,0.4800097
30.59,30.827677
34.9,34.478313
30.66,30.724361
65.8,68.17879
8.5,8.205776
34.08,33.791862
33.1,33.099102
36.0,35.957874
34.7,34.158745
-3.91,-4.355913
-0.42,0.25201613
2.05,2.6938918
34.3,33.756035
-15.2,-14.980955
-10.8,-10.896308
0.36,2.86921
28.56,28.249767
13.9,13.95949
52.5,52.393322
31.37,31.019081
26.1,25.975153
-36.2,-35.67087
10.33,10.626518
-39.36,-39.170444
33.0,33.261124
0.1,0.016147843
4.0,4.06912
32.6,32.23571
27.9,27.823776
72.5,73.243164
-28.58,-29.073845
30.79,30.225742
25.4,25.641022
31.3,30.873663
33.5,33.39403
-43.02,-42.933586
34.6,34.11652
-12.4,-12.623618
11.0,11.239257
31.24,30.59648
8.05,7.843165
34.8,35.43915
29.44,29.346788
-8.34,-8.628759
30.2,30.21296
26.4,26.475843
28.8,28.347067
34.7,34.327976
-10.0,-10.350034
23.8,24.123144
0.79,0.84860855
33.4,33.393257
-1.6,-1.7858527
29.76,29.651976
10.27,10.425995
-0.48,-0.36948454
-1.74,-1.9495214
37.66,37.688972
12.4,12.3935175
30.8,31.05499
31.02,30.643137
35.1,35.175022
-25.7,-26.317848
-0.6,0.19672693
-12.4,-12.568705
17.2,17.251013
29.9,28.936401
28.47,28.790932
-0.6,-0.50189155
-7.9,-8.108592
36.03,35.42292
32.62,32.883953
12.46,12.295597
33.69,33.848827
55.0,53.314434
21.1,21.320156
4.29,3.9831016
30.06,30.392553
35.38,34.674553
33.5,33.5114
33.4,33.273693
28.06,28.252636
40.0,38.986214
29.5,29.382412
18.5,17.808575
-26.75,-27.173027
34.29,34.048637
17.1,17.205187
54.4,54.57594
24.8,25.233442
38.69,38.089233
32.0,32.15238
33.0,32.98941
-10.2,-10.251908
75.0,75.25685
30.5,30.538141
-0.29,-0.1779268
82.5,82.80166
-7.3,-7.3804193
-12.9,-12.891197
4.9,4.9210925
34.8,34.399025
-10.0,-10.275758
3.4,2.9791663
-6.1,-5.7338476
33.9,34.252613
35.11,34.841408
33.9,34.189365
-3.59,-3.8657017
10.5,10.791263
8.5,8.549533
-13.2,-13.080997
11.7,11.477273
-25.98,-26.098959
30.23,30.68067
30.82,30.916801
10.23,10.2015295
-0.6,-1.4486893
29.8,30.150375
31.21,31.466942
-9.05,-8.81428
72.3,72.576065
-9.6,-9.468432
-15.7,-15.749235
-26.85,-26.408937
33.77,33.645718
22.41,22.75397
26.8,26.997482
-9.4,-9.257066
30.8,30.800922
12.64,12.778844
29.91,30.13371
29.7,29.031073
25.8,25.908834
2.66,2.592787
31.8,31.421349
39.3,38.62089
53.6,54.440384
10.51,10.497449
-37.1,-36.9173
11.0,12.624215
33.21,32.21913
34.7,35.569626
53.0,52.66906
73.5,73.12781
35.6,35.68845
32.26,32.357395
-24.0,-23.44518
58.0,57.9463
29.55,30.01688
8.4,8.206416
34.7,34.081856
25.2,25.089941
-13.2,-13.31377
81.1,80.450676
25.9,25.854086
10.5,10.491939
19.2,19.213205
34.6,34.015965
33.89,33.76302
40.0,40.030453
34.9,34.29391
10.47,10.335799
34.4,34.184452
10.39,10.375054
33.4,33.195473
31.81,31.701777
-38.7,-39.405445
32.39,32.460712
26.7,26.190365
0.7,0.4987991
30.8,30.820927
24.6,24.369217
33.5,33.43277
33.2,32.99208
77.0,77.18655
-14.0,-13.920477
-1.17,-1.2138478
61.4,60.803265
30.2,29.717607
76.9,77.1375
-13.3,-13.567766
27.3,27.433994
28.1,28.600565
-37.7,-38.14077
9.21,9.007566
26.93,27.16429
35.0,34.936104
55.7,55.913486
33.1,32.14555
34.3,33.936836
33.57,34.045918
33.2,33.313976
4.8,4.8413553
26.2,26.450554
0.0,0.06627707
35.6,33.65252
3.29,2.9881256
30.3,30.71357
27.01,26.769258
24.0,24.220018
31.28,31.629498
30.63,30.553677
39.58,39.3511
-14.2,-14.101892
31.12,30.515139
27.7,27.447966
34.5,34.44282
28.9,28.87496
4.7,4.6359253
51.9,51.825138
21.3,20.541447
30.71,30.630642
-14.8,-14.752281
32.21,31.648832
3.2,3.8105721
7.2,7.1874566
79.0,79.690636
34.02,33.779873
28.1,27.73757
0.2,0.62937707
20.2,18.845165
32.63,31.83295
26.6,25.96915
26.91,27.334093
37.0,37.26402
36.5,36.37733
16.4,17.61601
2.35,2.366026
-21.0,-20.906683
-12.4,-12.153392
2.7,3.251152
3.76,3.513806
36.58,37.044758
29.3,29.457802
32.4,32.774193
15.5,14.5934
23.76,23.615007
-9.14,-8.8036175
28.0,28.978586
29.7,30.05812
47.0,46.063484
2.77,2.909189
33.0,33.48591
33.5,33.528008
2.1,2.0190587
30.5,30.18668
68.8,69.0347
-33.6,-33.35021
15.6,15.666286
32.39,32.520893
33.2,31.598316
33.03,32.704773
2.67,2.6374838
29.1,29.257282
33.7,35.43498
31.3,31.128014
-7.11,-7.264892
0.75,0.5546308
35.6,35.132545
35.0,36.607975
40.8,39.895466
2.42,1.6052033
32.83,32.99805
-4.0,-3.9067533
25.8,24.701172
31.02,30.727257
-0.59,-0.24410023
14.8,14.566386
33.77,33.70935
29.58,29.534885
49.1,49.70195
31.0,31.088285
30.7,30.333197
40.6,40.363617
25.2,25.286976
-10.0,-10.515165
-4.24,-4.072206
30.38,31.433159
83.7,84.01886
30.5,30.632399
34.4,33.817066
34.5,34.34985
33.82,34.096577
33.57,33.582844
31.6,30.799585
24.7,24.741474
25.9,25.433466
-3.6,-4.058093
30.69,31.138788
6.0,5.4453664
32.9,32.70485
35.0,33.688675
30.4,28.710783
30.91,30.666298
-8.58,-8.513884
28.88,29.14051
32.6,32.99855
34.1,33.99215
30.8,30.97138
29.9,29.990898
2.48,2.9372778
81.5,81.55026
2.0,2.010457
33.3,32.814068
24.9,27.187618
25.6,26.501871
32.0,32.033947
31.58,30.924406
-1.48,-1.482401
-4.15,-3.8642163
3.81,3.4573264
-4.6,-4.8713627
32.6,32.847607
30.79,30.928755
33.2,32.86503
9.48,9.385904
5.41,5.6040993
30.6,30.508026
42.5,42.289932
32.62,32.94165
10.21,10.379899
33.68,33.096855
28.47,28.72768
33.62,33.807575
29.8,30.02884
34.1,34.71515
-40.0,-40.063774
26.0,25.871058
10.38,10.513407
23.8,24.036808
28.81,28.99377
38.5,38.29166
3.72,3.7621186
8.2,8.1403265
7.4,7.345333
31.9,32.07188
26.7,27.119236
37.04,36.5349
32.9,33.366688
-39.7,-39.374107
34.31,34.37108
33.17,33.538998
-3.1,-3.2656074
-4.12,-4.227435
30.0,30.820189
30.85,31.211805
23.9,23.654806
81.4,81.129105
30.5,30.054277
33.01,32.016094
32.4,32.372444
32.7,32.296135
22.3,22.349632
-0.43,-0.49625733
33.1,33.379353
28.6,28.984903
-9.5,-9.604307
26.65,26.347708
39.4,39.929264
37.2,37.239056
27.9,27.768538
39.06,38.886543
-3.51,-2.825639
30.01,30.884958
27.69,27.998053
-18.8,-19.155123
27.02,27.117645
34.3,34.431206
25.0,25.58979
3.38,3.4793987
34.0,34.167065
80.6,80.76562
33.9,33.567062
33.6,33.76035
-10.0,-10.220238
30.7,30.98418
21.7,22.358456
35.8,35.139717
-0.35,-1.064516
28.47,28.861895
33.1,33.164616
25.9,25.749283
36.2,35.82307
31.7,31.803984
82.6,82.72215
33.6,33.68379
22.18,24.993162
3.06,3.2382965
33.46,33.12225
31.06,31.19069
-0.38,-0.69864756
8.4,8.5507345
30.5,30.562174
7.6,7.6238565
-1.5,-1.8938241
-1.68,-1.5924056
33.5,33.23635
24.7,24.864094
24.2,25.060902
-7.4,-7.3736644
19.4,19.380972
-35.6,-35.552402
34.2,34.758736
25.2,25.505123
30.3,30.162357
31.0,30.352127
48.6,48.39081
23.8,23.661327
27.54,27.27118
33.1,33.284657
2.0,2.115793
87.2,84.846085
41.0,40.59624
30.28,30.414673
30.0,29.317133
39.4,36.750195
1.67,2.3553898
33.9,33.910404
38.9,38.44875
15.3,15.386442
28.82,29.460377
33.5,33.01751
1.9,1.9307642
90.8,90.34189
33.65,32.61913
-19.4,-20.088936
58.8,58.697132
11.4,11.669934
-42.02,-41.744537
9.8,9.701168
41.7,41.794476
10.39,10.061612
28.4,28.36273
-5.8,-5.772413
37.2,36.783108
23.7,23.277817
31.7,31.778439
11.7,12.187159
20.3,19.883678
-25.76,-26.002586
2.0,1.8203006
25.81,26.022074
-37.6,-37.610764
-5.4,-5.203026
54.0,55.055374
-0.48,-0.42553568
10.35,10.416658
4.01,3.2816532
16.6,17.109644
10.23,10.298392
6.0,6.6971993
31.8,30.83789
-0.98,-0.2568841
-3.4,-3.3482313
39.3,37.03879
30.5,30.63398
84.0,83.97555
30.5,30.672823
37.03,37.227722
-1.22,-1.1962901
10.41,10.527933
30.87,31.07083
-24.5,-24.289337
30.4,30.267687
-1.73,-1.7998207
10.53,9.934792
32.94,33.02433
-40.0,-40.01664
32.5,32.497932
34.5,34.201805
34.7,34.747417
33.49,33.60363
3.87,3.616655
3.83,3.5987663
35.0,35.03216
33.2,33.29632
69.0,68.50331
2.3,2.2959285
36.0,35.962994
32.1,32.420643
10.92,11.116121
41.0,40.801476
33.1,32.949684
30.9,30.961996
31.5,31.179728
35.2,35.220295
30.24,30.897482
21.52,22.187418
4.26,4.1273403
19.5,19.164251
-2.6,-3.054001
34.0,33.76362
7.6,6.6629925
30.0,29.790884
73.3,73.72427
35.4,37.057384
33.15,32.762863
3.52,3.500116
-2.0,-1.9863143
-13.8,-13.608502
40.8,40.899696
78.4,77.7912
28.12,28.303616
-12.4,-12.268883
17.6,17.028727
10.37,10.250534
34.1,33.83807
30.03,30.423079
46.1,46.792236
43.9,42.984737
-1.74,-1.9110665
31.65,31.68714
-16.5,-15.572059
22.7,23.19325
31.8,31.872845
35.0,34.471252
30.78,30.23819
-8.5,-8.19872
33.7,33.617195
9.92,9.956799
-6.8,-6.6570516
31.3,30.645622
30.7,30.607119
44.7,44.666687
30.56,29.89265
34.18,34.059494
33.33,33.087814
40.5,40.412193
31.19,30.854511
21.0,20.580444
31.14,31.35647
22.2,22.662474
1.5,2.3988698
30.81,30.984333
-32.4,-32.211414
-16.5,-16.618736
-32.52,-31.505621
-4.5,-4.4070206
72.2,71.884705
11.12,10.928837
2.84,2.2938235
-3.3,-3.5838685
33.28,33.35393
30.5,30.606054
33.8,33.898663
-8.18,-8.482882
32.68,32.161423
4.23,4.0391164
28.3,28.67423
-39.0,-38.944283
-0.49,-0.5639563
33.0,33.601562
30.2,29.499422
26.5,27.037634
-0.76,-0.4574668
28.4,28.695274
1.9,2.3660216
-6.1,-5.727512
-38.4,-39.627316
34.7,34.848274
33.0,32.862152
33.1,32.601665
35.35,34.847954
9.36,9.375762
31.5,32.22282
32.82,32.971676
47.0,46.738605
31.0,30.539278
32.0,31.30487
33.2,32.999588
30.25,30.372734
33.9,34.112293
4.92,4.709411
25.7,26.258974
38.0,38.304516
9.99,10.339554
38.8,38.27342
8.1,8.356272
30.2,30.79105
33.8,33.67021
32.8,32.9864
35.7,34.927628
-12.2,-12.14374
-4.9,-4.917443
31.91,31.963013
29.6,29.941603
31.88,31.235106
10.41,10.277724
30.97,31.440115
28.98,29.149548
26.1,26.469748
21.1,20.161087
11.13,10.957569
36.08,36.427475
29.0,29.199532
0.58,0.25901586
8.1,8.526024
29.0,29.027725
46.4,46.283985
24.7,24.961271
10.11,10.071542
9.7,9.926905
-5.67,-4.958026
-0.64,-0.6387078
36.14,35.67865
26.7,26.534502
32.31,31.643934
32.22,31.873772
39.57,39.07079
28.94,28.810982
10.39,10.179795
-16.5,-16.899889
9.3,9.270056
12.06,11.5236025
25.0,25.58598
22.4,23.970453
4.97,6.709366
29.94,29.9764
32.03,32.234264
2.46,2.6832683
33.2,33.02153
27.02,27.020536
33.72,34.470436
39.0,38.55412
56.1,56.4271
-3.6,-3.0070083
-25.2,-25.37791
-6.8,-6.6829724
3.62,3.4107192
41.0,39.868683
56.0,55.82468
3.75,3.9021308
10.3,10.624817
32.1,31.499817
31.2,31.32673
34.3,34.0075
29.03,29.193039
34.4,34.84903
25.7,25.261395
33.5,33.573505
-5.1,-5.579063
33.2,33.545017
37.26,37.43537
10.43,10.418588
54.6,54.599598
33.5,33.944946
28.87,28.979036
32.9,32.623463
16.0,16.475378
10.46,10.922208
49.0,49.331764
39.0,38.39014
-22.3,-21.371744
-4.0,-3.9202116
-9.7,-9.524676
35.0,35.082554
3.85,3.8584428
33.5,33.21224
7.5,7.5701714
8.8,9.012453
21.0,22.217596
4.4,4.1511683
31.46,31.010368
27.02,26.737797
32.18,34.715855
35.6,35.383495
37.44,34.715855
-0.74,-1.09768
-12.29,-12.66067
-11.0,-11.031599
37.57,37.302864
-0.97,-1.1771708
8.37,8.716184
30.0,29.943296
33.8,33.600624
26.8,26.440117
29.5,30.015404
33.3,34.089996
33.3,33.439976
-1.1,-1.5604974
33.2,33.081566
43.6,43.077374
31.14,31.54544
33.0,33.064835
-24.6,-25.22292
25.8,26.093487
37.77,37.931934
73.6,73.216866
-38.5,-38.204765
5.0,5.290823
30.8,30.632334
28.0,27.800127
-6.0,-6.08791
32.04,31.761805
66.9,66.26378
-8.4,-8.769197
36.0,35.63765
8.6,9.717057
5.06,5.196402
34.61,34.68352
32.6,32.253567
-3.14,-3.0690358
26.0,25.963741
32.8,32.404716
35.4,35.435944
11.3,11.272369
69.6,69.98718
26.0,25.919958
31.0,31.198889
33.94,33.767967
26.0,25.672567
75.8,75.71229
32.9,33.004585
10.1,9.971688
-1.23,-1.4356297
-7.6,-7.1369715
33.5,33.635963
72.0,72.28064
24.4,24.423784
6.3,6.4986963
-15.5,-15.099518
-8.1,-7.5636263
9.22,9.371369
33.5,33.483875
27.7,28.169008
30.89,30.930494
6.47,6.6018057
28.9,29.9983
4.32,4.3981476
4.5,4.578311
29.89,31.431194
-1.08,-0.43237826
25.9,26.081442
52.0,51.96347
32.2,31.695333
31.9,32.293236
30.4,30.047716
34.9,35.042866
-38.2,-37.02994
29.6,29.510622
33.7,33.44274
79.5,80.14053
-3.9,-4.1161356
32.2,32.10537
33.9,33.52016
-0.01,-0.489455
10.8,11.353976
31.15,30.994255
33.11,33.30749
-7.8,-7.8898845
11.2,11.504061
-6.7,-6.8614607
61.0,60.738884
33.4,33.57881
-33.3,-32.432236
32.31,31.625185
4.94,4.932182
33.27,32.369
34.23,34.13029
-17.9,-17.765373
29.0,28.997599
30.9,31.964134
29.25,29.14923
3.26,2.7480085
29.2,29.416748
6.0,5.467637
-15.93,-16.127594
29.97,30.29587
36.3,36.063
86.0,86.53506
34.06,33.845093
34.4,34.46199
3.06,2.2874951
22.1,22.144741
30.2,30.131117
-16.3,-16.112663
30.58,31.07964
30.9,30.862417
2.9,2.6084964
32.7,32.350502
74.8,74.624725
36.6,36.21102
-4.8,-5.6255565
30.9,30.64768
20.0,20.451363
31.08,31.44607
3.4,3.092328
34.35,34.108257
-1.69,-2.2172465
30.1,29.376118
30.3,30.798233
7.36,7.464173
29.3,28.96461
-0.7,-0.8635702
26.4,26.356253
2.85,2.863049
32.3,32.82381
-35.78,-36.04048
81.3,81.3432
10.37,10.235364
14.9,14.0850315
2.0,2.2474358
-3.4,-3.5165434
32.0,31.918139
33.23,33.137344
32.4,33.802803
83.2,82.89142
34.9,34.443428
32.38,32.331882
32.1,32.175247
37.17,37.352154
3.81,3.893834
33.5,33.509514
37.63,37.057327
53.8,53.391632
10.28,10.086637
26.4,26.412384
18.3,18.096539
-5.3,-5.1761346
29.0,28.876312
40.0,39.776375
33.4,33.312695
10.35,10.385042
-6.0,-5.975951
26.8,27.345276
28.74,28.161865
32.9,31.460245
33.21,32.855064
2.4,2.82357
34.08,33.845703
27.87,27.57952
33.71,33.82285
27.3,27.924582
13.5,13.229821
-7.6,-7.7054496
-40.6,-40.020424
-5.8,-5.7755632
-1.18,-0.8430598
33.3,33.701298
-36.98,-37.043804
34.34,34.561474
57.6,57.36897
33.83,33.888767
4.2,4.024986
9.99,9.835547
22.01,21.650398
33.6,33.71078
23.9,23.331963
10.19,10.282697
-12.6,-11.887362
33.9,34.49511
4.75,6.141222
-3.5,-4.1703477
27.9,28.371778
32.7,33.14937
33.5,33.535046
40.8,41.084293
15.4,15.95972
32.74,32.357395
10.14,10.11212
28.94,28.05308
7.0,6.3008466
28.1,27.799133
1.26,2.1706355
2.9,2.6772
29.6,29.404823
33.34,33.199608
26.0,25.997616
30.86,31.002808
2.56,2.5643663
-14.9,-14.878138
45.0,44.941326
-6.0,-5.8862867
72.0,71.67562
-0.39,-0.62375927
34.0,33.729103
69.7,69.852486
-6.0,-5.8304005
32.9,33.104935
7.6,7.8347616
31.0,30.875189
69.4,69.23911
10.44,10.476554
-12.4,-12.005488
21.2,21.13585
0.7,0.7177617
31.8,31.070156
29.9,30.35773
34.0,33.975845
32.66,32.601665
3.93,3.8647497
18.2,17.99007
29.3,29.255434
9.59,9.390818
38.4,37.875675
10.74,10.906744
-11.1,-10.486792
-6.0,-5.762251
-1.0,-1.2005357
25.6,25.81346
33.53,33.419132
31.0,30.67924
33.5,33.547626
29.86,30.03637
3.6,3.7925582
-1.97,-2.0819588
26.2,26.252813
26.92,26.744448
34.2,34.56586
11.8,11.918392
-1.26,-1.3254035
10.13,10.17969
33.1,33.48204
13.2,12.507846
32.3,32.153866
34.0,33.96708
77.0,76.790726
30.4,30.318848
28.3,28.213192
33.7,33.892147
-35.1,-35.48596
39.0,38.3627
25.8,25.498661
36.9,36.823288
5.7,5.540587
24.0,24.071615
82.8,82.32495
-1.2,-0.7458569
26.7,26.323296
72.2,72.351906
32.6,32.957897
19.8,19.775711
29.1,29.502707
3.64,3.5036821
86.14,85.59371
37.9,37.986557
30.2,30.075516
32.3,30.437489
34.4,34.573605
25.0,25.120993
35.39,35.40695
38.5,38.66002
29.98,30.248945
31.6,32.096737
33.83,34.232204
2.77,2.2751498
29.3,29.555466
30.34,30.099983
30.99,31.150913
34.6,34.39992
3.93,4.04328
33.4,33.284164
31.13,30.372221
35.4,34.7953
13.5,13.437299
-0.48,-0.5864895
32.05,32.045082
29.66,29.556808
29.22,29.873367
11.6,11.895845
33.0,33.021652
-12.0,-12.060424
76.7,75.83101
30.4,31.302025
32.3,31.70387
30.61,30.463902
32.2,32.286377
-11.2,-10.185561
26.83,26.805435
-3.5,-2.9511287
32.56,33.36954
-16.8,-16.556452
32.9,32.894695
-6.0,-6.2909265
29.88,29.8455
-14.1,-13.750911
24.5,24.278557
-39.4,-39.0274
26.8,26.719614
81.4,82.870995
34.9,34.428493
25.5,25.935982
31.3,31.15461
10.1,9.890778
33.7,32.78888
72.2,72.501656
33.8,33.490154
32.83,33.014473
2.7,2.5258548
32.9,32.687515
31.26,31.290207
-4.8,-4.6015053
82.2,81.99985
4.0,4.4869823
44.5,44.35857
30.26,29.859978
83.0,82.75564
12.6,11.900664
31.8,31.763294
32.1,32.241108
30.28,30.657257
-35.2,-34.886425
71.0,70.7013
5.08,5.6332874
11.1,11.614959
30.44,30.514868
33.99,33.83282
-10.06,-9.8065605
19.99,19.316692
31.0,31.416456
-7.0,-7.1171575
4.9,4.4825687
5.66,6.58039
-7.8,-7.163691
33.4,33.508064
41.4,40.974937
36.3,36.143196
11.3,10.932404
76.6,77.12295
49.7,48.82948
27.39,27.267584
10.9,10.869604
-6.2,-6.515936
31.92,31.633678
28.2,28.039629
-7.2,-7.1896844
26.3,26.161087
-10.5,-10.220238
31.58,31.642982
33.5,33.16901
3.3,3.5057416
33.7,33.505623
-42.3,-41.297813
40.8,40.853382
65.4,65.32856
26.4,26.41992
12.1,12.28834
34.1,33.819584
-2.97,-2.5654962
85.1,85.13575
-14.76,-14.686893
37.34,36.953285
27.72,27.128584
-9.14,-8.990473
10.93,10.346906
30.6,30.739271
-1.1,-1.0370456
23.9,23.963419
62.0,61.685825
-21.1,-21.327501
28.1,27.863985
73.7,72.90314
31.31,31.534264
35.5,35.90566
28.07,27.64583
35.12,34.81458
3.15,3.363149
-0.85,-0.9595074
48.3,48.216137
30.21,30.466663
31.2,30.805895
31.6,30.541838
29.9,30.241884
-38.14,-38.140594
33.0,33.23346
3.93,3.7910237
3.34,2.8682585
13.1,12.933607
9.81,9.666811
34.3,34.023018
0.9,0.5018375
7.7,7.968933
22.12,21.912148
33.8,33.785248
-9.6,-9.374756
26.2,25.948702
31.86,31.813812
10.4,10.202069
40.9,40.711437
31.04,30.481186
-34.9,-34.8333
34.0,34.548252
-3.6,-3.4577622
24.8,24.372757
2.38,1.9035554
-0.4,-0.009730694
62.8,62.52641
-6.7,-6.799199
4.01,4.35325
30.8,30.363409
54.0,53.722134
42.5,42.257805
33.1,33.14496
-2.23,-1.5688592
33.9,33.44023
-12.4,-12.275769
-6.0,-5.842923
62.7,62.96012
33.5,33.552334
-35.8,-35.73652
25.9,25.697989
10.24,10.255151
30.2,30.2428
36.7,36.083908
27.7,27.983557
33.3,32.335926
28.59,28.66665
32.8,33.20018
-0.64,-1.3163717
29.53,30.026468
-3.75,-3.8510933
22.4,22.165533
-1.0,-0.8910757
25.9,25.893705
33.0,32.94905
-21.1,-22.093527
5.0,4.1851
33.67,34.391228
3.94,3.9807081
27.26,27.993336
33.37,33.47954
10.31,10.331289
33.7,33.629864
2.78,2.649516
-3.37,-3.0982513
88.4,88.226006
25.9,26.159925
32.0,31.770636
29.7,29.715578
25.7,25.64321
42.3,42.06886
19.0,18.878664
27.69,28.415844
37.9,37.570427
-2.0,-1.8627144
58.4,58.809692
29.68,29.839508
29.1,28.710552
6.3,6.1349688
-10.8,-10.782501
-3.23,-2.9524024
37.6,37.65457
3.39,3.1037686
30.5,30.95478
33.8,33.242855
-39.0,-39.078934
32.8,33.142628
16.6,17.430416
32.4,32.46803
-11.35,-11.325466
-1.3,-1.4462011
35.0,34.73993
4.9,4.747647
32.06,32.652973
30.0,29.673046
12.0,11.851745
33.4,32.99941
33.0,33.262085
30.8,30.785683
33.2,33.780437
10.34,10.679809
33.59,33.272434
26.0,26.319275
31.6,31.62627
28.4,28.425413
-6.7,-6.53903
15.6,15.59359
33.1,32.607162
38.0,37.3894
30.6,30.547565
31.5,30.984827
9.39,9.910337
25.9,26.346312
33.33,33.376614
33.1,32.79927
35.9,35.461494
40.8,41.063915
34.0,33.949955
42.31,42.203213
30.61,30.782772
26.3,26.010698
16.7,17.249132
56.4,56.08168
26.5,26.56512
-14.06,-13.54054
34.1,34.060547
30.2,30.75696
-15.87,-15.55571
31.88,32.01124
3.58,3.5522678
10.02,11.558649
25.5,26.182251
33.67,34.110947
33.7,33.681595
25.0,25.482246
29.89,29.35321
32.83,32.867073
29.4,29.406096
23.7,23.782625
14.7,14.494579
79.7,80.06533
27.7,27.513248
41.8,41.61041
26.92,27.169882
55.0,55.253277
33.3,33.318764
53.0,52.649883
7.7,7.6860285
32.67,31.82829
32.9,33.154976
27.7,28.150599
54.67,53.81522
32.8,32.969807
30.3,30.094065
33.4,33.470634
32.0,32.383995
25.2,24.904234
40.0,40.342392
33.22,33.296936
6.9,6.3059006
30.2,30.145823
54.6,54.470886
24.8,24.475454
29.87,29.36955
10.6,9.783811
4.0,3.758115
-3.8,-3.8950434
36.9,36.406094
1.3,2.3120782
30.66,30.838842
-5.1,-5.4104204
10.35,10.344399
33.6,33.518394
29.7,29.879257
-6.9,-6.850947
-16.66,-16.738705
-43.5,-41.423237
33.4,33.28835
25.1,25.828844
33.9,33.85368
-9.0,-8.421405
21.71,22.53991
-36.05,-36.240368
-4.1,-4.4435935
34.4,34.677723
8.0,6.751653
34.2,33.573723
33.25,33.2437
-15.3,-14.93596
36.7,36.407715
30.18,30.952118
38.21,38.16179
35.1,34.6093
32.4,32.776905
24.2,24.256319
3.0,3.0679226
-1.12,-1.409275
27.4,27.638157
-7.7,-7.850683
47.7,47.247116
-37.1,-36.88631
32.92,32.978714
30.22,29.702269
54.0,54.162514
38.5,38.324936
20.3,20.292603
82.5,82.017456
33.0,32.82321
10.3,10.086698
9.7,9.730755
-13.62,-13.439341
28.62,28.46293
10.1,9.900361
53.0,53.02876
17.7,17.962873
27.5,28.105446
30.8,31.232592
3.12,2.9875076
34.6,34.824623
-8.56,-8.642757
-1.7,-2.3926628
38.8,38.850616
38.5,38.57029
-20.9,-20.781647
-23.2,-23.205717
28.8,28.661259
28.61,28.686266
48.2,48.969692
26.79,26.835922
-26.84,-26.837887
0.4,0.4712488
34.15,33.707855
0.07,-0.21867543
22.0,21.61478
34.0,33.817455
6.7,6.749284
5.3,5.292115
-26.06,-26.311756
31.6,31.57305
-3.2,-3.0007358
22.29,22.243635
26.0,25.949072
35.88,35.642174
-13.3,-13.187528
25.9,25.796854
33.49,33.215908
33.94,33.753918
30.53,30.386343
30.5,30.492128
30.05,30.352022
86.4,85.959274
48.9,48.615524
19.0,19.034626
8.3,9.564934
20.7,21.552568
-44.3,-44.231815
78.3,78.59193
30.42,30.861025
30.97,31.053465
4.3,4.399898
39.8,40.19422
4.1,4.370705
25.7,25.654776
33.2,33.416687
29.87,29.589483
18.0,18.653708
-1.3,-0.92358613
30.08,30.408176
24.8,25.00821
28.8,27.882732
26.63,26.744568
30.0,29.906168
10.31,10.21071
33.8,33.605675
26.55,26.568905
31.5,31.145992
30.5,32.776093
-10.5,-10.476047
66.1,66.18759
32.74,33.483696
30.32,30.277075
33.3,33.37245
36.1,36.273365
43.3,43.164078
30.28,30.60721
34.0,34.068283
10.62,10.459117
23.9,24.255787
33.2,33.783646
51.6,51.22208
-29.5,-29.380259
-1.97,-1.9195797
32.8,32.64654
30.6,31.283438
7.4,7.2974935
30.8,30.928623
35.8,35.828884
-42.7,-42.481857
11.1,10.624551
29.1,29.735138
18.0,18.340635
33.25,33.04447
11.6,11.9213085
8.2,7.6174374
30.4,30.071352
19.9,20.567503
33.0,33.207073
7.5,8.102675
-25.0,-24.593716
33.84,33.64644
-6.9,-4.875442
11.4,11.873683
15.0,15.418341
29.9,29.927567
33.63,33.686676
-12.4,-12.565766
-10.88,-10.643483
-5.4,-4.9306974
35.3,35.160847
30.12,30.254568
-24.5,-24.878843
10.03,10.155268
6.5,8.043262
6.6,5.451433
30.1,30.894472
86.4,86.47106
30.09,30.009563
31.0,30.259619
35.0,34.299606
-33.3,-33.094017
9.47,9.340088
27.56,27.24204
29.06,29.020908
-11.3,-10.864341
-1.48,-2.092335
-7.6,-7.4248095
0.5,0.29563868
-8.69,-8.319066
33.5,33.328026
-11.6,-11.861079
31.51,31.640789
32.8,32.371815
31.9,31.029957
32.4,32.512505
45.3,45.766155
37.75,37.833076
-14.94,-14.657216
31.1,31.211191
47.9,48.071526
15.7,15.57594
-8.0,-7.3235683
16.2,16.662422
29.1,29.25588
30.0,30.566427
29.6,30.260832
-1.21,-1.3775418
29.9,30.300474
-7.0,-6.5315976
37.5,37.505096
36.6,35.56507
12.0,11.822726
33.27,32.37529
38.0,38.828354
10.72,10.853556
-9.4,-9.717007
-45.6,-44.633244
38.5,38.563084
30.45,30.698568
26.84,26.79294
33.5,33.336033
30.2,30.553747
33.9,33.768784
69.4,69.41704
33.55,33.302055
28.99,29.887585
30.9,30.901821
33.5,33.641556
31.98,32.124466
31.13,31.448942
28.7,29.086567
-5.7,-5.861252
-30.2,-30.01259
-4.5,-5.0600777
28.4,28.008472
29.53,28.720444
36.5,35.88705
-16.69,-16.721428
-38.3,-37.651825
22.7,25.130243
0.78,1.0944248
17.5,17.709637
29.5,29.6996
-36.9,-36.91813
8.8,8.354113
31.4,31.377
-17.2,-16.35675
30.3,30.728447
-9.6,-9.397949
-41.3,-39.88877
33.4,32.997932
10.4,10.180362
-9.1,-8.775885
54.4,54.384254
30.1,30.987247
11.11,11.06296
39.99,39.09993
35.0,35.245945
-1.2,-1.0549924
34.0,33.76502
52.2,52.136112
9.1,8.662766
4.22,3.9521635
18.3,17.858671
85.1,84.900024
14.6,14.90985
34.49,34.238594
25.0,25.11385
23.9,23.90119
-26.64,-27.441341
33.1,33.38601
42.1,41.482502
30.8,31.448774
30.7,30.829693
59.5,58.869354
-12.4,-11.982197
22.3,22.38989
86.0,84.623955
36.98,37.33199
68.2,69.101
38.0,37.74318
-0.49,-0.5221701
33.6,33.276363
29.93,30.00429
25.68,25.749226
-43.4,-43.45907
-4.4,-4.061715
-32.8,-33.173855
4.38,4.697161
29.9,30.252493
4.02,3.76016
31.2,31.039364
-35.9,-35.929947
30.7,30.931255
33.43,33.317772
30.2,30.007368
-26.79,-26.137062
-18.3,-18.335001
-16.0,-16.404781
9.83,9.703678
-7.9,-7.722782
32.3,31.753773
11.1,10.923089
23.0,22.999165
25.2,24.990583
-13.0,-13.271637
1.3,1.4833751
9.0,8.516627
19.6,19.255085
33.6,33.695675
-1.03,-1.0512228
45.0,45.298172
28.51,28.917253
33.5,33.559795
33.3,33.398396
34.7,34.69597
26.4,26.396257
-3.8,-2.7780268
29.48,30.12488
34.1,34.23745
-8.0,-7.856162
31.5,30.247766
3.42,3.6158535
31.37,31.201756
30.0,30.667812
30.5,30.685205
0.5,0.9441076
33.5,33.372997
-1.55,-1.352715
31.6,32.265057
33.8,33.757473
29.0,28.89565
30.5,30.465189
20.5,20.842438
28.7,28.406158
33.85,33.68078
10.07,9.953807
-1.66,-2.0196738
10.59,10.628066
33.0,33.073193
6.7,7.2923813
17.0,17.703213
-24.7,-24.160173
33.7,34.06526
2.0,2.3141892
-9.2,-8.950602
-5.6,-5.2724576
22.8,22.422525
32.1,31.866379
28.53,28.958797
57.0,56.95326
31.0,30.464802
28.4,28.085573
9.5,7.5662313
32.1,31.867533
34.5,34.442623
-12.49,-12.551808
2.91,2.8732233
10.21,10.398569
24.8,24.713707
34.41,34.16493
-25.15,-25.228397
32.95,32.44816
10.87,10.664254
35.1,34.51711
30.0,30.358595
33.1,33.506725
11.8,11.333575
30.57,30.726429
33.9,33.762463
30.32,29.725504
-9.4,-9.38999
4.18,4.2377462
33.3,33.137512
22.33,22.36169
30.4,30.663069
4.58,4.295313
32.8,33.36095
33.26,33.16885
11.2,11.004256
-11.1,-11.417634
24.7,25.05481
29.47,29.69958
33.16,33.30719
33.7,33.39858
10.37,10.2373705
32.12,31.145086
31.16,31.282307
18.6,18.906872
3.71,3.6316566
23.95,24.171902
-35.2,-34.853573
81.4,81.457115
30.0,29.585062
32.31,32.078636
33.7,33.004387
12.43,12.818214
33.7,33.81345
34.9,34.68959
75.0,74.47897
32.6,33.554867
30.9,30.959127
70.5,70.50589
10.23,10.514333
-1.22,-1.3277729
10.16,10.051777
-0.79,-0.66119194
0.87,1.0402565
32.01,32.172375
33.1,32.94319
18.6,19.158533
11.8,10.836005
17.7,17.74188
2.91,3.0438485
-9.38,-9.0346775
-14.2,-13.984549
57.0,56.277863
34.4,34.37322
23.9,24.097921
28.2,28.88003
-40.0,-39.910973
27.3,27.335176
26.0,25.624306
26.84,27.293522
29.65,30.446411
5.35,4.7323446
32.8,32.9424
26.0,25.858614
32.7,32.624313
3.07,3.1185744
33.6,33.19498
31.0,29.475784
25.8,25.357983
33.1,32.768005
29.8,29.669907
5.01,5.4557943
77.6,77.48122
-12.4,-12.59262
10.37,9.969611
-25.28,-23.733952
35.26,35.052883
-2.45,-1.630532
-3.2,-3.3250833
30.47,30.401285
41.9,41.28331
33.7,34.362316
-11.12,-11.145682
3.0,2.7705953
21.8,21.881966
58.7,58.6659
33.4,33.494324
-12.4,-12.319307
40.4,40.535908
25.32,25.671621
21.9,21.878922
33.8,33.634537
3.72,5.0320835
34.6,35.41477
28.42,29.043688
27.48,27.722586
0.0,-0.107221216
33.4,33.63453
31.05,30.83434
30.25,30.508993
8.5,8.280671
-12.9,-13.046889
21.1,21.600342
4.0,4.297083
6.04,5.6636434
-1.64,-1.4234132
-4.7,-4.6129622
-37.9,-38.413918
-1.2,-1.6105314
53.2,53.469063
-18.9,-18.912502
26.2,26.301409
28.0,29.341103
33.4,33.637703
-16.67,-16.945042
24.6,24.74428
-38.63,-38.994907
6.5,6.727772
45.2,45.207653
25.8,26.027838
21.1,21.337076
33.49,33.322742
5.7,6.118669
-6.2,-6.689968
18.8,19.343416
-9.2,-9.11168
33.5,33.58045
30.36,30.556316
46.0,45.34085
37.57,37.44969
30.88,30.987242
-46.2,-45.819458
34.0,33.608215
32.69,32.729733
33.5,33.555946
32.65,32.357395
29.7,30.340462
-25.0,-24.581306
36.7,35.43498
37.2,36.287315
27.22,26.91923
29.8,29.816208
32.4,32.836414
-0.11,0.028317008
-38.3,-38.484707
33.7,33.707176
30.9,30.582958
34.12,34.039383
32.9,31.89057
23.7,24.006557
33.9,33.849426
28.0,26.931137
-6.1,-6.3032603
32.9,32.90101
30.7,31.018656
89.3,89.2007
25.8,25.947464
10.19,10.3254595
32.1,31.818321
29.3,29.326075
29.09,28.275043
32.0,31.933329
29.0,28.951263
35.0,35.37526
3.83,3.3340642
31.0,30.96149
33.8,33.401443
30.3,30.10175
-8.0,-7.9925995
25.7,25.635727
30.61,30.5998
-15.2,-15.3398905
19.8,20.226261
4.3,4.4121604
32.9,32.37907
3.9,4.3699164
-41.9,-41.148438
-7.0,-7.237463
33.68,33.594387
30.8,30.998898
17.9,18.150227
5.62,4.6296616
-2.4,-1.7995886
42.0,41.032986
43.9,44.28649
33.9,33.68515
30.4,30.671013
-1.39,-1.7381119
41.0,40.44233
-9.88,-9.781576
3.13,3.2332156
22.5,22.250458
-15.4,-15.522185
8.0,8.864262
37.8,34.51949
73.1,73.2889
10.22,10.210498
34.2,33.214935
30.2,29.487978
34.8,35.247795
-10.56,-11.172329
30.11,29.031822
32.2,32.248844
28.98,30.029081
22.02,21.992332
59.1,59.39233
31.4,32.39806
-26.02,-26.288116
34.0,33.74825
3.89,3.4966798
-36.83,-36.895382
29.94,29.505672
23.9,23.941715
31.71,31.205158
3.46,3.6825922
-1.09,-0.62244207
30.3,30.138529
27.4,27.321136
32.5,32.952824
20.9,20.889917
30.3,29.545553
-28.05,-27.995378
11.0,11.263307
8.0,8.434735
33.5,33.760143
-7.0,-6.8312645
17.3,18.848671
30.65,31.057749
-11.08,-10.212525
-1.26,-1.1669314
34.8,32.647358
45.1,45.38365
30.1,29.959848
-0.97,-0.58551383
30.7,30.782478
67.0,66.95106
28.12,28.653473
33.6,33.36942
65.0,64.29548
9.8,9.813233
2.14,3.1470768
32.2,31.630796
-7.31,-6.625535
41.1,41.134163
10.05,9.905547
33.9,33.78631
29.2,29.40546
-2.0,-2.1274524
-10.3,-9.670696
10.08,9.96812
8.7,8.390053
10.75,10.642457
30.9,30.576694
-0.55,-0.46031222
27.8,27.757362
4.4,4.258324
30.17,30.509409
17.3,16.607697
32.96,32.188393
30.1,29.814379
33.8,33.319946
29.3,29.163912
-31.3,-31.065767
30.0,29.740025
-12.4,-12.531274
31.0,30.492573
-0.49,-0.2815202
-7.4,-7.656311
30.9,31.10695
29.52,30.138319
14.2,16.007406
29.73,29.530083
34.02,33.870674
32.3,31.58263
-7.2,-7.5229974
33.0,33.31314
33.6,33.633465
0.3,0.42944682
13.2,14.387634
35.7,35.64055
33.4,32.75268
10.79,10.804671
10.65,11.070128
7.7,7.811011
37.29,37.73113
10.39,10.108833
-15.4,-15.4039
67.8,66.45901
-15.5,-15.135381
26.0,25.717842
78.3,77.77659
33.9,33.500256
32.2,32.405872
54.15,53.82783
-17.2,-17.291147
49.8,49.86969
32.87,31.230007
30.1,29.944004
11.2,11.50388
12.68,12.884184
78.6,78.43841
-5.7,-5.865804
23.9,24.344637
30.8,31.00699
32.32,32.135788
-31.7,-31.718765
11.09,11.183726
-0.95,-0.9737612
29.1,28.858837
-4.2,-4.0399027
-16.5,-15.321538
7.4,7.493759
-21.1,-18.09129
57.9,57.74977
27.6,27.781933
27.6,28.067493
30.0,29.740345
-13.7,-13.8957405
34.7,32.989506
80.5,79.76852
30.5,30.455124
28.4,28.323029
33.6,33.885876
0.74,0.3655813
26.1,26.227133
3.97,3.8147244
32.7,32.36324
24.8,24.835766
24.01,23.858122
33.28,32.3921
10.66,10.540503
34.03,34.044518
58.4,58.55484
30.7,30.684559
-35.8,-35.505375
32.9,33.279026
-26.03,-25.980282
31.4,31.454336
34.31,33.839157
6.9,6.4108787
34.2,34.20393
-8.1,-7.8530354
39.8,40.12966
23.7,22.54296
-12.3,-12.523022
-5.4,-4.6554427
30.0,29.279778
31.32,31.05736
-26.3,-25.689281
15.0,15.06885
22.1,22.060944
-11.4,-11.409222
32.0,31.598505
32.8,33.21951
30.5,30.153631
9.78,9.958816
30.97,31.080715
33.67,33.764008
1.33,1.1753294
32.2,32.03646
20.5,20.319668
-6.0,-5.9103413
33.66,33.491634
-15.84,-15.6092005
23.7,23.722486
